1;1214731545;DANIELA ECHEVERRY OJEDA;MORAVIA;4;27373737;34343434;3113586655
2;1214731546;CAMILO ARISTIZABAL RODRIGUEZ;COLOMBIA;4;242345342;5217783;3113586655
3;1214731547;NATHALY GONZALEZ CORTES;COLOMBIA;4;3434757452;4445458;3113586655
4;1214731548;ANDRES RENDON MONCADA;CAUCASIA;4;32347247;3611869;3113586655
5;1214731549;ERIKA URIBE GARCIA;COLOMBIA;4;347523523;3207740;3113586655
6;1214731550;NATHALIA ANDREA RESTREPO ALVAREZ;CAUCASIA;4;34734753;2817888;3113586655
7;1214731551;ESTEBAN MARTINEZ HENAO;PRIMERO DE MAYO;4;3473534734;3435194;3113586655
8;1214731552;PEPE ANRCINIEGAS DE LA ROSA;LA SOLEDAD;1;43225423;343434345;3113586655
9;1214731553;MONICA ALEJANDRA LOPEZ LOPEZ;PRIMERO DE MAYO;4;3473473421;4140008;3113586655
10;1214731554;DANNY CANO ARTEAGA;SAN CRISTOBAL;4;347523541;4270145;3113586655
11;1214731555;ERWIN GUILLERMO CORTES SALTARIN;TUNJA;1;347354235;3209039757;3113586655
12;1214731556;FABIO ANDRES VACA CAPOTE;LA UNION;4;272724124;5560619;3113586655
13;1214731557;YONATAN GUISAO MUNERA;LA FLORIDA;4;347343434;4222553;3113586655
14;1214731558;JUAN FELIPE ACEVEDO VELEZ;SAN CRISTOBAL;4;34343434;4265185;3113586655
15;1214731559;DIEGO ANDRES OSPINA MUNOZ;SAN CRISTOBAL;4;343434324;4441991;3113586655
16;1214731560;KAREN ALEJANDRA LOPEZ VARGAS;PRIMERO DE MAYO;4;34345243;4448706;3113586655
17;1214731561;SANTIAGO MUNOZ CANO;SAN CRISTOBAL;4;34343424;2817510;3113586655
18;1214731562;FAVER JOAN PULGARIN CORREA;SAN CRISTOBAL;4;343434524;4275215;3113586655
19;1214731563;JOHAN DAVID CARDENAS CORREA;SAN CRISTOBAL;4;3206839497;4270145;3113586655
20;1214731564;DAVID ACOSTA GONZALEZ;LA 80;4;3434354324;4031100;3113586655
21;1214731565;FABIAN ARTEAGA RUIZ;SAN CRISTOBAL;4;343452434;4276009;3113586655
22;1214731566;DAINER ALEXANDER GUISAO ALCARAZ;PRIMERO DE MAYO;4;343543454;2303946;3113586655
23;1214731567;JOHN EDISON CELIS CORREA;PRIMERO DE MAYO;4;3434352434;4275215;3113586655
24;1214731568;DEYSY MARCELA VASQUEZ CANO;SAN CRISTOBAL;4;3434543434;4445648;3113586655
25;1214731569;CAROLINA GARCIA LONDONO;POBLADO;4;3434543452;3706666;3113586655
26;1214731570;DANIELA ECHEVERRY OJEDA;MORAVIA;4;27373737;34343434;3113586655
27;1214731571;CAMILO ARISTIZABAL RODRIGUEZ;COLOMBIA;4;242345342;5217783;3113586655
28;1214731572;NATHALY GONZALEZ CORTES;COLOMBIA;4;3434757452;4445458;3113586655
29;1214731573;ANDRES RENDON MONCADA;CAUCASIA;4;32347247;3611869;3113586655
30;1214731574;ERIKA URIBE GARCIA;COLOMBIA;4;347523523;3207740;3113586655
31;1214731575;NATHALIA ANDREA RESTREPO ALVAREZ;CAUCASIA;4;34734753;2817888;3113586655
32;1214731576;ESTEBAN MARTINEZ HENAO;PRIMERO DE MAYO;4;3473534734;3435194;3113586655
33;1214731577;PEPE ANRCINIEGAS DE LA ROSA;LA SOLEDAD;1;43225423;343434345;3113586655
34;1214731578;MONICA ALEJANDRA LOPEZ LOPEZ;PRIMERO DE MAYO;4;3473473421;4140008;3113586655
35;1214731579;DANNY CANO ARTEAGA;SAN CRISTOBAL;4;347523541;4270145;3113586655
36;1214731580;ERWIN GUILLERMO CORTES SALTARIN;TUNJA;1;347354235;3209039757;3113586655
37;1214731581;FABIO ANDRES VACA CAPOTE;LA UNION;4;272724124;5560619;3113586655
38;1214731582;YONATAN GUISAO MUNERA;LA FLORIDA;4;347343434;4222553;3113586655
39;1214731583;JUAN FELIPE ACEVEDO VELEZ;SAN CRISTOBAL;4;34343434;4265185;3113586655
40;1214731584;DIEGO ANDRES OSPINA MUNOZ;SAN CRISTOBAL;4;343434324;4441991;3113586655
41;1214731585;KAREN ALEJANDRA LOPEZ VARGAS;PRIMERO DE MAYO;4;34345243;4448706;3113586655
42;1214731586;SANTIAGO MUNOZ CANO;SAN CRISTOBAL;4;34343424;2817510;3113586655
43;1214731587;FAVER JOAN PULGARIN CORREA;SAN CRISTOBAL;4;343434524;4275215;3113586655
44;1214731588;JOHAN DAVID CARDENAS CORREA;SAN CRISTOBAL;4;3206839497;4270145;3113586655
45;1214731589;DAVID ACOSTA GONZALEZ;LA 80;4;3434354324;4031100;3113586655
46;1214731590;FABIAN ARTEAGA RUIZ;SAN CRISTOBAL;4;343452434;4276009;3113586655
47;1214731591;DAINER ALEXANDER GUISAO ALCARAZ;PRIMERO DE MAYO;4;343543454;2303946;3113586655
48;1214731592;JOHN EDISON CELIS CORREA;PRIMERO DE MAYO;4;3434352434;4275215;3113586655
49;1214731593;DEYSY MARCELA VASQUEZ CANO;SAN CRISTOBAL;4;3434543434;4445648;3113586655
50;1214731594;CAROLINA GARCIA LONDONO;POBLADO;4;3434543452;3706666;3113586655
51;1214731595;DANIELA ECHEVERRY OJEDA;MORAVIA;4;27373737;34343434;3113586655
52;1214731596;CAMILO ARISTIZABAL RODRIGUEZ;COLOMBIA;4;242345342;5217783;3113586655
53;1214731597;NATHALY GONZALEZ CORTES;COLOMBIA;4;3434757452;4445458;3113586655
54;1214731598;ANDRES RENDON MONCADA;CAUCASIA;4;32347247;3611869;3113586655
55;1214731599;ERIKA URIBE GARCIA;COLOMBIA;4;347523523;3207740;3113586655
56;1214731600;NATHALIA ANDREA RESTREPO ALVAREZ;CAUCASIA;4;34734753;2817888;3113586655
57;1214731601;ESTEBAN MARTINEZ HENAO;PRIMERO DE MAYO;4;3473534734;3435194;3113586655
58;1214731602;PEPE ANRCINIEGAS DE LA ROSA;LA SOLEDAD;1;43225423;343434345;3113586655
59;1214731603;MONICA ALEJANDRA LOPEZ LOPEZ;PRIMERO DE MAYO;4;3473473421;4140008;3113586655
60;1214731604;DANNY CANO ARTEAGA;SAN CRISTOBAL;4;347523541;4270145;3113586655
61;1214731605;ERWIN GUILLERMO CORTES SALTARIN;TUNJA;1;347354235;3209039757;3113586655
62;1214731606;FABIO ANDRES VACA CAPOTE;LA UNION;4;272724124;5560619;3113586655
63;1214731607;YONATAN GUISAO MUNERA;LA FLORIDA;4;347343434;4222553;3113586655
64;1214731608;JUAN FELIPE ACEVEDO VELEZ;SAN CRISTOBAL;4;34343434;4265185;3113586655
65;1214731609;DIEGO ANDRES OSPINA MUNOZ;SAN CRISTOBAL;4;343434324;4441991;3113586655
66;1214731610;KAREN ALEJANDRA LOPEZ VARGAS;PRIMERO DE MAYO;4;34345243;4448706;3113586655
67;1214731611;SANTIAGO MUNOZ CANO;SAN CRISTOBAL;4;34343424;2817510;3113586655
68;1214731612;FAVER JOAN PULGARIN CORREA;SAN CRISTOBAL;4;343434524;4275215;3113586655
69;1214731613;JOHAN DAVID CARDENAS CORREA;SAN CRISTOBAL;4;3206839497;4270145;3113586655
70;1214731614;DAVID ACOSTA GONZALEZ;LA 80;4;3434354324;4031100;3113586655
71;1214731615;FABIAN ARTEAGA RUIZ;SAN CRISTOBAL;4;343452434;4276009;3113586655
72;1214731616;DAINER ALEXANDER GUISAO ALCARAZ;PRIMERO DE MAYO;4;343543454;2303946;3113586655
73;1214731617;JOHN EDISON CELIS CORREA;PRIMERO DE MAYO;4;3434352434;4275215;3113586655
74;1214731618;DEYSY MARCELA VASQUEZ CANO;SAN CRISTOBAL;4;3434543434;4445648;3113586655
75;1214731619;CAROLINA GARCIA LONDONO;POBLADO;4;3434543452;3706666;3113586655
76;1214731620;DANIELA ECHEVERRY OJEDA;MORAVIA;4;27373737;34343434;3113586655
77;1214731621;CAMILO ARISTIZABAL RODRIGUEZ;COLOMBIA;4;242345342;5217783;3113586655
78;1214731622;NATHALY GONZALEZ CORTES;COLOMBIA;4;3434757452;4445458;3113586655
79;1214731623;ANDRES RENDON MONCADA;CAUCASIA;4;32347247;3611869;3113586655
80;1214731624;ERIKA URIBE GARCIA;COLOMBIA;4;347523523;3207740;3113586655
81;1214731625;NATHALIA ANDREA RESTREPO ALVAREZ;CAUCASIA;4;34734753;2817888;3113586655
82;1214731626;ESTEBAN MARTINEZ HENAO;PRIMERO DE MAYO;4;3473534734;3435194;3113586655
83;1214731627;PEPE ANRCINIEGAS DE LA ROSA;LA SOLEDAD;1;43225423;343434345;3113586655
84;1214731628;MONICA ALEJANDRA LOPEZ LOPEZ;PRIMERO DE MAYO;4;3473473421;4140008;3113586655
85;1214731629;DANNY CANO ARTEAGA;SAN CRISTOBAL;4;347523541;4270145;3113586655
86;1214731630;ERWIN GUILLERMO CORTES SALTARIN;TUNJA;1;347354235;3209039757;3113586655
87;1214731631;FABIO ANDRES VACA CAPOTE;LA UNION;4;272724124;5560619;3113586655
88;1214731632;YONATAN GUISAO MUNERA;LA FLORIDA;4;347343434;4222553;3113586655
89;1214731633;JUAN FELIPE ACEVEDO VELEZ;SAN CRISTOBAL;4;34343434;4265185;3113586655
90;1214731634;DIEGO ANDRES OSPINA MUNOZ;SAN CRISTOBAL;4;343434324;4441991;3113586655
91;1214731635;KAREN ALEJANDRA LOPEZ VARGAS;PRIMERO DE MAYO;4;34345243;4448706;3113586655
92;1214731636;SANTIAGO MUNOZ CANO;SAN CRISTOBAL;4;34343424;2817510;3113586655
93;1214731637;FAVER JOAN PULGARIN CORREA;SAN CRISTOBAL;4;343434524;4275215;3113586655
94;1214731638;JOHAN DAVID CARDENAS CORREA;SAN CRISTOBAL;4;3206839497;4270145;3113586655
95;1214731639;DAVID ACOSTA GONZALEZ;LA 80;4;3434354324;4031100;3113586655
96;1214731640;FABIAN ARTEAGA RUIZ;SAN CRISTOBAL;4;343452434;4276009;3113586655
97;1214731641;DAINER ALEXANDER GUISAO ALCARAZ;PRIMERO DE MAYO;4;343543454;2303946;3113586655
98;1214731642;JOHN EDISON CELIS CORREA;PRIMERO DE MAYO;4;3434352434;4275215;3113586655
99;1214731643;DEYSY MARCELA VASQUEZ CANO;SAN CRISTOBAL;4;3434543434;4445648;3113586655
100;1214731644;CAROLINA GARCIA LONDONO;POBLADO;4;3434543452;3706666;3113586655
101;1214731645;DANIELA ECHEVERRY OJEDA;MORAVIA;4;27373737;34343434;3113586655
102;1214731646;CAMILO ARISTIZABAL RODRIGUEZ;COLOMBIA;4;242345342;5217783;3113586655
103;1214731647;NATHALY GONZALEZ CORTES;COLOMBIA;4;3434757452;4445458;3113586655
104;1214731648;ANDRES RENDON MONCADA;CAUCASIA;4;32347247;3611869;3113586655
105;1214731649;ERIKA URIBE GARCIA;COLOMBIA;4;347523523;3207740;3113586655
106;1214731650;NATHALIA ANDREA RESTREPO ALVAREZ;CAUCASIA;4;34734753;2817888;3113586655
107;1214731651;ESTEBAN MARTINEZ HENAO;PRIMERO DE MAYO;4;3473534734;3435194;3113586655
108;1214731652;PEPE ANRCINIEGAS DE LA ROSA;LA SOLEDAD;1;43225423;343434345;3113586655
109;1214731653;MONICA ALEJANDRA LOPEZ LOPEZ;PRIMERO DE MAYO;4;3473473421;4140008;3113586655
110;1214731654;DANNY CANO ARTEAGA;SAN CRISTOBAL;4;347523541;4270145;3113586655
111;1214731655;ERWIN GUILLERMO CORTES SALTARIN;TUNJA;1;347354235;3209039757;3113586655
112;1214731656;FABIO ANDRES VACA CAPOTE;LA UNION;4;272724124;5560619;3113586655
113;1214731657;YONATAN GUISAO MUNERA;LA FLORIDA;4;347343434;4222553;3113586655
114;1214731658;JUAN FELIPE ACEVEDO VELEZ;SAN CRISTOBAL;4;34343434;4265185;3113586655
115;1214731659;DIEGO ANDRES OSPINA MUNOZ;SAN CRISTOBAL;4;343434324;4441991;3113586655
116;1214731660;KAREN ALEJANDRA LOPEZ VARGAS;PRIMERO DE MAYO;4;34345243;4448706;3113586655
117;1214731661;SANTIAGO MUNOZ CANO;SAN CRISTOBAL;4;34343424;2817510;3113586655
118;1214731662;FAVER JOAN PULGARIN CORREA;SAN CRISTOBAL;4;343434524;4275215;3113586655
119;1214731663;JOHAN DAVID CARDENAS CORREA;SAN CRISTOBAL;4;3206839497;4270145;3113586655
120;1214731664;DAVID ACOSTA GONZALEZ;LA 80;4;3434354324;4031100;3113586655
121;1214731665;FABIAN ARTEAGA RUIZ;SAN CRISTOBAL;4;343452434;4276009;3113586655
122;1214731666;DAINER ALEXANDER GUISAO ALCARAZ;PRIMERO DE MAYO;4;343543454;2303946;3113586655
123;1214731667;JOHN EDISON CELIS CORREA;PRIMERO DE MAYO;4;3434352434;4275215;3113586655
124;1214731668;DEYSY MARCELA VASQUEZ CANO;SAN CRISTOBAL;4;3434543434;4445648;3113586655
125;1214731669;CAROLINA GARCIA LONDONO;POBLADO;4;3434543452;3706666;3113586655
126;1214731670;DANIELA ECHEVERRY OJEDA;MORAVIA;4;27373737;34343434;3113586655
127;1214731671;CAMILO ARISTIZABAL RODRIGUEZ;COLOMBIA;4;242345342;5217783;3113586655
128;1214731672;NATHALY GONZALEZ CORTES;COLOMBIA;4;3434757452;4445458;3113586655
129;1214731673;ANDRES RENDON MONCADA;CAUCASIA;4;32347247;3611869;3113586655
130;1214731674;ERIKA URIBE GARCIA;COLOMBIA;4;347523523;3207740;3113586655
131;1214731675;NATHALIA ANDREA RESTREPO ALVAREZ;CAUCASIA;4;34734753;2817888;3113586655
132;1214731676;ESTEBAN MARTINEZ HENAO;PRIMERO DE MAYO;4;3473534734;3435194;3113586655
133;1214731677;PEPE ANRCINIEGAS DE LA ROSA;LA SOLEDAD;1;43225423;343434345;3113586655
134;1214731678;MONICA ALEJANDRA LOPEZ LOPEZ;PRIMERO DE MAYO;4;3473473421;4140008;3113586655
135;1214731679;DANNY CANO ARTEAGA;SAN CRISTOBAL;4;347523541;4270145;3113586655
136;1214731680;ERWIN GUILLERMO CORTES SALTARIN;TUNJA;1;347354235;3209039757;3113586655
137;1214731681;FABIO ANDRES VACA CAPOTE;LA UNION;4;272724124;5560619;3113586655
138;1214731682;YONATAN GUISAO MUNERA;LA FLORIDA;4;347343434;4222553;3113586655
139;1214731683;JUAN FELIPE ACEVEDO VELEZ;SAN CRISTOBAL;4;34343434;4265185;3113586655
140;1214731684;DIEGO ANDRES OSPINA MUNOZ;SAN CRISTOBAL;4;343434324;4441991;3113586655
141;1214731685;KAREN ALEJANDRA LOPEZ VARGAS;PRIMERO DE MAYO;4;34345243;4448706;3113586655
142;1214731686;SANTIAGO MUNOZ CANO;SAN CRISTOBAL;4;34343424;2817510;3113586655
143;1214731687;FAVER JOAN PULGARIN CORREA;SAN CRISTOBAL;4;343434524;4275215;3113586655
144;1214731688;JOHAN DAVID CARDENAS CORREA;SAN CRISTOBAL;4;3206839497;4270145;3113586655
145;1214731689;DAVID ACOSTA GONZALEZ;LA 80;4;3434354324;4031100;3113586655
146;1214731690;FABIAN ARTEAGA RUIZ;SAN CRISTOBAL;4;343452434;4276009;3113586655
147;1214731691;DAINER ALEXANDER GUISAO ALCARAZ;PRIMERO DE MAYO;4;343543454;2303946;3113586655
148;1214731692;JOHN EDISON CELIS CORREA;PRIMERO DE MAYO;4;3434352434;4275215;3113586655
149;1214731693;DEYSY MARCELA VASQUEZ CANO;SAN CRISTOBAL;4;3434543434;4445648;3113586655
150;1214731694;CAROLINA GARCIA LONDONO;POBLADO;4;3434543452;3706666;3113586655
151;1214731695;DANIELA ECHEVERRY OJEDA;MORAVIA;4;27373737;34343434;3113586655
152;1214731696;CAMILO ARISTIZABAL RODRIGUEZ;COLOMBIA;4;242345342;5217783;3113586655
153;1214731697;NATHALY GONZALEZ CORTES;COLOMBIA;4;3434757452;4445458;3113586655
154;1214731698;ANDRES RENDON MONCADA;CAUCASIA;4;32347247;3611869;3113586655
155;1214731699;ERIKA URIBE GARCIA;COLOMBIA;4;347523523;3207740;3113586655
156;1214731700;NATHALIA ANDREA RESTREPO ALVAREZ;CAUCASIA;4;34734753;2817888;3113586655
157;1214731701;ESTEBAN MARTINEZ HENAO;PRIMERO DE MAYO;4;3473534734;3435194;3113586655
158;1214731702;PEPE ANRCINIEGAS DE LA ROSA;LA SOLEDAD;1;43225423;343434345;3113586655
159;1214731703;MONICA ALEJANDRA LOPEZ LOPEZ;PRIMERO DE MAYO;4;3473473421;4140008;3113586655
160;1214731704;DANNY CANO ARTEAGA;SAN CRISTOBAL;4;347523541;4270145;3113586655
161;1214731705;ERWIN GUILLERMO CORTES SALTARIN;TUNJA;1;347354235;3209039757;3113586655
162;1214731706;FABIO ANDRES VACA CAPOTE;LA UNION;4;272724124;5560619;3113586655
163;1214731707;YONATAN GUISAO MUNERA;LA FLORIDA;4;347343434;4222553;3113586655
164;1214731708;JUAN FELIPE ACEVEDO VELEZ;SAN CRISTOBAL;4;34343434;4265185;3113586655
165;1214731709;DIEGO ANDRES OSPINA MUNOZ;SAN CRISTOBAL;4;343434324;4441991;3113586655
166;1214731710;KAREN ALEJANDRA LOPEZ VARGAS;PRIMERO DE MAYO;4;34345243;4448706;3113586655
167;1214731711;SANTIAGO MUNOZ CANO;SAN CRISTOBAL;4;34343424;2817510;3113586655
168;1214731712;FAVER JOAN PULGARIN CORREA;SAN CRISTOBAL;4;343434524;4275215;3113586655
169;1214731713;JOHAN DAVID CARDENAS CORREA;SAN CRISTOBAL;4;3206839497;4270145;3113586655
170;1214731714;DAVID ACOSTA GONZALEZ;LA 80;4;3434354324;4031100;3113586655
171;1214731715;FABIAN ARTEAGA RUIZ;SAN CRISTOBAL;4;343452434;4276009;3113586655
172;1214731716;DAINER ALEXANDER GUISAO ALCARAZ;PRIMERO DE MAYO;4;343543454;2303946;3113586655
173;1214731717;JOHN EDISON CELIS CORREA;PRIMERO DE MAYO;4;3434352434;4275215;3113586655
174;1214731718;DEYSY MARCELA VASQUEZ CANO;SAN CRISTOBAL;4;3434543434;4445648;3113586655
175;1214731719;CAROLINA GARCIA LONDONO;POBLADO;4;3434543452;3706666;3113586655
176;1214731720;DANIELA ECHEVERRY OJEDA;MORAVIA;4;27373737;34343434;3113586655
177;1214731721;CAMILO ARISTIZABAL RODRIGUEZ;COLOMBIA;4;242345342;5217783;3113586655
178;1214731722;NATHALY GONZALEZ CORTES;COLOMBIA;4;3434757452;4445458;3113586655
179;1214731723;ANDRES RENDON MONCADA;CAUCASIA;4;32347247;3611869;3113586655
180;1214731724;ERIKA URIBE GARCIA;COLOMBIA;4;347523523;3207740;3113586655
181;1214731725;NATHALIA ANDREA RESTREPO ALVAREZ;CAUCASIA;4;34734753;2817888;3113586655
182;1214731726;ESTEBAN MARTINEZ HENAO;PRIMERO DE MAYO;4;3473534734;3435194;3113586655
183;1214731727;PEPE ANRCINIEGAS DE LA ROSA;LA SOLEDAD;1;43225423;343434345;3113586655
184;1214731728;MONICA ALEJANDRA LOPEZ LOPEZ;PRIMERO DE MAYO;4;3473473421;4140008;3113586655
185;1214731729;DANNY CANO ARTEAGA;SAN CRISTOBAL;4;347523541;4270145;3113586655
186;1214731730;ERWIN GUILLERMO CORTES SALTARIN;TUNJA;1;347354235;3209039757;3113586655
187;1214731731;FABIO ANDRES VACA CAPOTE;LA UNION;4;272724124;5560619;3113586655
188;1214731732;YONATAN GUISAO MUNERA;LA FLORIDA;4;347343434;4222553;3113586655
189;1214731733;JUAN FELIPE ACEVEDO VELEZ;SAN CRISTOBAL;4;34343434;4265185;3113586655
190;1214731734;DIEGO ANDRES OSPINA MUNOZ;SAN CRISTOBAL;4;343434324;4441991;3113586655
191;1214731735;KAREN ALEJANDRA LOPEZ VARGAS;PRIMERO DE MAYO;4;34345243;4448706;3113586655
192;1214731736;SANTIAGO MUNOZ CANO;SAN CRISTOBAL;4;34343424;2817510;3113586655
193;1214731737;FAVER JOAN PULGARIN CORREA;SAN CRISTOBAL;4;343434524;4275215;3113586655
194;1214731738;JOHAN DAVID CARDENAS CORREA;SAN CRISTOBAL;4;3206839497;4270145;3113586655
195;1214731739;DAVID ACOSTA GONZALEZ;LA 80;4;3434354324;4031100;3113586655
196;1214731740;FABIAN ARTEAGA RUIZ;SAN CRISTOBAL;4;343452434;4276009;3113586655
197;1214731741;DAINER ALEXANDER GUISAO ALCARAZ;PRIMERO DE MAYO;4;343543454;2303946;3113586655
198;1214731742;JOHN EDISON CELIS CORREA;PRIMERO DE MAYO;4;3434352434;4275215;3113586655
199;1214731743;DEYSY MARCELA VASQUEZ CANO;SAN CRISTOBAL;4;3434543434;4445648;3113586655
200;1214731744;CAROLINA GARCIA LONDONO;POBLADO;4;3434543452;3706666;3113586655
201;1214731745;DANIELA ECHEVERRY OJEDA;MORAVIA;4;27373737;34343434;3113586655
202;1214731746;CAMILO ARISTIZABAL RODRIGUEZ;COLOMBIA;4;242345342;5217783;3113586655
203;1214731747;NATHALY GONZALEZ CORTES;COLOMBIA;4;3434757452;4445458;3113586655
204;1214731748;ANDRES RENDON MONCADA;CAUCASIA;4;32347247;3611869;3113586655
205;1214731749;ERIKA URIBE GARCIA;COLOMBIA;4;347523523;3207740;3113586655
206;1214731750;NATHALIA ANDREA RESTREPO ALVAREZ;CAUCASIA;4;34734753;2817888;3113586655
207;1214731751;ESTEBAN MARTINEZ HENAO;PRIMERO DE MAYO;4;3473534734;3435194;3113586655
208;1214731752;PEPE ANRCINIEGAS DE LA ROSA;LA SOLEDAD;1;43225423;343434345;3113586655
209;1214731753;MONICA ALEJANDRA LOPEZ LOPEZ;PRIMERO DE MAYO;4;3473473421;4140008;3113586655
210;1214731754;DANNY CANO ARTEAGA;SAN CRISTOBAL;4;347523541;4270145;3113586655
211;1214731755;ERWIN GUILLERMO CORTES SALTARIN;TUNJA;1;347354235;3209039757;3113586655
212;1214731756;FABIO ANDRES VACA CAPOTE;LA UNION;4;272724124;5560619;3113586655
213;1214731757;YONATAN GUISAO MUNERA;LA FLORIDA;4;347343434;4222553;3113586655
214;1214731758;JUAN FELIPE ACEVEDO VELEZ;SAN CRISTOBAL;4;34343434;4265185;3113586655
215;1214731759;DIEGO ANDRES OSPINA MUNOZ;SAN CRISTOBAL;4;343434324;4441991;3113586655
216;1214731760;KAREN ALEJANDRA LOPEZ VARGAS;PRIMERO DE MAYO;4;34345243;4448706;3113586655
217;1214731761;SANTIAGO MUNOZ CANO;SAN CRISTOBAL;4;34343424;2817510;3113586655
218;1214731762;FAVER JOAN PULGARIN CORREA;SAN CRISTOBAL;4;343434524;4275215;3113586655
219;1214731763;JOHAN DAVID CARDENAS CORREA;SAN CRISTOBAL;4;3206839497;4270145;3113586655
220;1214731764;DAVID ACOSTA GONZALEZ;LA 80;4;3434354324;4031100;3113586655
221;1214731765;FABIAN ARTEAGA RUIZ;SAN CRISTOBAL;4;343452434;4276009;3113586655
222;1214731766;DAINER ALEXANDER GUISAO ALCARAZ;PRIMERO DE MAYO;4;343543454;2303946;3113586655
223;1214731767;JOHN EDISON CELIS CORREA;PRIMERO DE MAYO;4;3434352434;4275215;3113586655
224;1214731768;DEYSY MARCELA VASQUEZ CANO;SAN CRISTOBAL;4;3434543434;4445648;3113586655
225;1214731769;CAROLINA GARCIA LONDONO;POBLADO;4;3434543452;3706666;3113586655
226;1214731770;DANIELA ECHEVERRY OJEDA;MORAVIA;4;27373737;34343434;3113586655
227;1214731771;CAMILO ARISTIZABAL RODRIGUEZ;COLOMBIA;4;242345342;5217783;3113586655
228;1214731772;NATHALY GONZALEZ CORTES;COLOMBIA;4;3434757452;4445458;3113586655
229;1214731773;ANDRES RENDON MONCADA;CAUCASIA;4;32347247;3611869;3113586655
230;1214731774;ERIKA URIBE GARCIA;COLOMBIA;4;347523523;3207740;3113586655
231;1214731775;NATHALIA ANDREA RESTREPO ALVAREZ;CAUCASIA;4;34734753;2817888;3113586655
232;1214731776;ESTEBAN MARTINEZ HENAO;PRIMERO DE MAYO;4;3473534734;3435194;3113586655
233;1214731777;PEPE ANRCINIEGAS DE LA ROSA;LA SOLEDAD;1;43225423;343434345;3113586655
234;1214731778;MONICA ALEJANDRA LOPEZ LOPEZ;PRIMERO DE MAYO;4;3473473421;4140008;3113586655
235;1214731779;DANNY CANO ARTEAGA;SAN CRISTOBAL;4;347523541;4270145;3113586655
236;1214731780;ERWIN GUILLERMO CORTES SALTARIN;TUNJA;1;347354235;3209039757;3113586655
237;1214731781;FABIO ANDRES VACA CAPOTE;LA UNION;4;272724124;5560619;3113586655
238;1214731782;YONATAN GUISAO MUNERA;LA FLORIDA;4;347343434;4222553;3113586655
239;1214731783;JUAN FELIPE ACEVEDO VELEZ;SAN CRISTOBAL;4;34343434;4265185;3113586655
240;1214731784;DIEGO ANDRES OSPINA MUNOZ;SAN CRISTOBAL;4;343434324;4441991;3113586655
241;1214731785;KAREN ALEJANDRA LOPEZ VARGAS;PRIMERO DE MAYO;4;34345243;4448706;3113586655
242;1214731786;SANTIAGO MUNOZ CANO;SAN CRISTOBAL;4;34343424;2817510;3113586655
243;1214731787;FAVER JOAN PULGARIN CORREA;SAN CRISTOBAL;4;343434524;4275215;3113586655
244;1214731788;JOHAN DAVID CARDENAS CORREA;SAN CRISTOBAL;4;3206839497;4270145;3113586655
245;1214731789;DAVID ACOSTA GONZALEZ;LA 80;4;3434354324;4031100;3113586655
246;1214731790;FABIAN ARTEAGA RUIZ;SAN CRISTOBAL;4;343452434;4276009;3113586655
247;1214731791;DAINER ALEXANDER GUISAO ALCARAZ;PRIMERO DE MAYO;4;343543454;2303946;3113586655
248;1214731792;JOHN EDISON CELIS CORREA;PRIMERO DE MAYO;4;3434352434;4275215;3113586655
249;1214731793;DEYSY MARCELA VASQUEZ CANO;SAN CRISTOBAL;4;3434543434;4445648;3113586655
250;1214731794;CAROLINA GARCIA LONDONO;POBLADO;4;3434543452;3706666;3113586655
251;1214731795;DANIELA ECHEVERRY OJEDA;MORAVIA;4;27373737;34343434;3113586655
252;1214731796;CAMILO ARISTIZABAL RODRIGUEZ;COLOMBIA;4;242345342;5217783;3113586655
253;1214731797;NATHALY GONZALEZ CORTES;COLOMBIA;4;3434757452;4445458;3113586655
254;1214731798;ANDRES RENDON MONCADA;CAUCASIA;4;32347247;3611869;3113586655
255;1214731799;ERIKA URIBE GARCIA;COLOMBIA;4;347523523;3207740;3113586655
256;1214731800;NATHALIA ANDREA RESTREPO ALVAREZ;CAUCASIA;4;34734753;2817888;3113586655
257;1214731801;ESTEBAN MARTINEZ HENAO;PRIMERO DE MAYO;4;3473534734;3435194;3113586655
258;1214731802;PEPE ANRCINIEGAS DE LA ROSA;LA SOLEDAD;1;43225423;343434345;3113586655
259;1214731803;MONICA ALEJANDRA LOPEZ LOPEZ;PRIMERO DE MAYO;4;3473473421;4140008;3113586655
260;1214731804;DANNY CANO ARTEAGA;SAN CRISTOBAL;4;347523541;4270145;3113586655
261;1214731805;ERWIN GUILLERMO CORTES SALTARIN;TUNJA;1;347354235;3209039757;3113586655
262;1214731806;FABIO ANDRES VACA CAPOTE;LA UNION;4;272724124;5560619;3113586655
263;1214731807;YONATAN GUISAO MUNERA;LA FLORIDA;4;347343434;4222553;3113586655
264;1214731808;JUAN FELIPE ACEVEDO VELEZ;SAN CRISTOBAL;4;34343434;4265185;3113586655
265;1214731809;DIEGO ANDRES OSPINA MUNOZ;SAN CRISTOBAL;4;343434324;4441991;3113586655
266;1214731810;KAREN ALEJANDRA LOPEZ VARGAS;PRIMERO DE MAYO;4;34345243;4448706;3113586655
267;1214731811;SANTIAGO MUNOZ CANO;SAN CRISTOBAL;4;34343424;2817510;3113586655
268;1214731812;FAVER JOAN PULGARIN CORREA;SAN CRISTOBAL;4;343434524;4275215;3113586655
269;1214731813;JOHAN DAVID CARDENAS CORREA;SAN CRISTOBAL;4;3206839497;4270145;3113586655
270;1214731814;DAVID ACOSTA GONZALEZ;LA 80;4;3434354324;4031100;3113586655
271;1214731815;FABIAN ARTEAGA RUIZ;SAN CRISTOBAL;4;343452434;4276009;3113586655
272;1214731816;DAINER ALEXANDER GUISAO ALCARAZ;PRIMERO DE MAYO;4;343543454;2303946;3113586655
273;1214731817;JOHN EDISON CELIS CORREA;PRIMERO DE MAYO;4;3434352434;4275215;3113586655
274;1214731818;DEYSY MARCELA VASQUEZ CANO;SAN CRISTOBAL;4;3434543434;4445648;3113586655
275;1214731819;CAROLINA GARCIA LONDONO;POBLADO;4;3434543452;3706666;3113586655
276;1214731820;DANIELA ECHEVERRY OJEDA;MORAVIA;4;27373737;34343434;3113586655
277;1214731821;CAMILO ARISTIZABAL RODRIGUEZ;COLOMBIA;4;242345342;5217783;3113586655
278;1214731822;NATHALY GONZALEZ CORTES;COLOMBIA;4;3434757452;4445458;3113586655
279;1214731823;ANDRES RENDON MONCADA;CAUCASIA;4;32347247;3611869;3113586655
280;1214731824;ERIKA URIBE GARCIA;COLOMBIA;4;347523523;3207740;3113586655
281;1214731825;NATHALIA ANDREA RESTREPO ALVAREZ;CAUCASIA;4;34734753;2817888;3113586655
282;1214731826;ESTEBAN MARTINEZ HENAO;PRIMERO DE MAYO;4;3473534734;3435194;3113586655
283;1214731827;PEPE ANRCINIEGAS DE LA ROSA;LA SOLEDAD;1;43225423;343434345;3113586655
284;1214731828;MONICA ALEJANDRA LOPEZ LOPEZ;PRIMERO DE MAYO;4;3473473421;4140008;3113586655
285;1214731829;DANNY CANO ARTEAGA;SAN CRISTOBAL;4;347523541;4270145;3113586655
286;1214731830;ERWIN GUILLERMO CORTES SALTARIN;TUNJA;1;347354235;3209039757;3113586655
287;1214731831;FABIO ANDRES VACA CAPOTE;LA UNION;4;272724124;5560619;3113586655
288;1214731832;YONATAN GUISAO MUNERA;LA FLORIDA;4;347343434;4222553;3113586655
289;1214731833;JUAN FELIPE ACEVEDO VELEZ;SAN CRISTOBAL;4;34343434;4265185;3113586655
290;1214731834;DIEGO ANDRES OSPINA MUNOZ;SAN CRISTOBAL;4;343434324;4441991;3113586655
291;1214731835;KAREN ALEJANDRA LOPEZ VARGAS;PRIMERO DE MAYO;4;34345243;4448706;3113586655
292;1214731836;SANTIAGO MUNOZ CANO;SAN CRISTOBAL;4;34343424;2817510;3113586655
293;1214731837;FAVER JOAN PULGARIN CORREA;SAN CRISTOBAL;4;343434524;4275215;3113586655
294;1214731838;JOHAN DAVID CARDENAS CORREA;SAN CRISTOBAL;4;3206839497;4270145;3113586655
295;1214731839;DAVID ACOSTA GONZALEZ;LA 80;4;3434354324;4031100;3113586655
296;1214731840;FABIAN ARTEAGA RUIZ;SAN CRISTOBAL;4;343452434;4276009;3113586655
297;1214731841;DAINER ALEXANDER GUISAO ALCARAZ;PRIMERO DE MAYO;4;343543454;2303946;3113586655
298;1214731842;JOHN EDISON CELIS CORREA;PRIMERO DE MAYO;4;3434352434;4275215;3113586655
299;1214731843;DEYSY MARCELA VASQUEZ CANO;SAN CRISTOBAL;4;3434543434;4445648;3113586655
300;1214731844;CAROLINA GARCIA LONDONO;POBLADO;4;3434543452;3706666;3113586655
301;1214731845;DANIELA ECHEVERRY OJEDA;MORAVIA;4;27373737;34343434;3113586655
302;1214731846;CAMILO ARISTIZABAL RODRIGUEZ;COLOMBIA;4;242345342;5217783;3113586655
303;1214731847;NATHALY GONZALEZ CORTES;COLOMBIA;4;3434757452;4445458;3113586655
304;1214731848;ANDRES RENDON MONCADA;CAUCASIA;4;32347247;3611869;3113586655
305;1214731849;ERIKA URIBE GARCIA;COLOMBIA;4;347523523;3207740;3113586655
306;1214731850;NATHALIA ANDREA RESTREPO ALVAREZ;CAUCASIA;4;34734753;2817888;3113586655
307;1214731851;ESTEBAN MARTINEZ HENAO;PRIMERO DE MAYO;4;3473534734;3435194;3113586655
308;1214731852;PEPE ANRCINIEGAS DE LA ROSA;LA SOLEDAD;1;43225423;343434345;3113586655
309;1214731853;MONICA ALEJANDRA LOPEZ LOPEZ;PRIMERO DE MAYO;4;3473473421;4140008;3113586655
310;1214731854;DANNY CANO ARTEAGA;SAN CRISTOBAL;4;347523541;4270145;3113586655
311;1214731855;ERWIN GUILLERMO CORTES SALTARIN;TUNJA;1;347354235;3209039757;3113586655
312;1214731856;FABIO ANDRES VACA CAPOTE;LA UNION;4;272724124;5560619;3113586655
313;1214731857;YONATAN GUISAO MUNERA;LA FLORIDA;4;347343434;4222553;3113586655
314;1214731858;JUAN FELIPE ACEVEDO VELEZ;SAN CRISTOBAL;4;34343434;4265185;3113586655
315;1214731859;DIEGO ANDRES OSPINA MUNOZ;SAN CRISTOBAL;4;343434324;4441991;3113586655
316;1214731860;KAREN ALEJANDRA LOPEZ VARGAS;PRIMERO DE MAYO;4;34345243;4448706;3113586655
317;1214731861;SANTIAGO MUNOZ CANO;SAN CRISTOBAL;4;34343424;2817510;3113586655
318;1214731862;FAVER JOAN PULGARIN CORREA;SAN CRISTOBAL;4;343434524;4275215;3113586655
319;1214731863;JOHAN DAVID CARDENAS CORREA;SAN CRISTOBAL;4;3206839497;4270145;3113586655
320;1214731864;DAVID ACOSTA GONZALEZ;LA 80;4;3434354324;4031100;3113586655
321;1214731865;FABIAN ARTEAGA RUIZ;SAN CRISTOBAL;4;343452434;4276009;3113586655
322;1214731866;DAINER ALEXANDER GUISAO ALCARAZ;PRIMERO DE MAYO;4;343543454;2303946;3113586655
323;1214731867;JOHN EDISON CELIS CORREA;PRIMERO DE MAYO;4;3434352434;4275215;3113586655
324;1214731868;DEYSY MARCELA VASQUEZ CANO;SAN CRISTOBAL;4;3434543434;4445648;3113586655
325;1214731869;CAROLINA GARCIA LONDONO;POBLADO;4;3434543452;3706666;3113586655
326;1214731870;DANIELA ECHEVERRY OJEDA;MORAVIA;4;27373737;34343434;3113586655
327;1214731871;CAMILO ARISTIZABAL RODRIGUEZ;COLOMBIA;4;242345342;5217783;3113586655
328;1214731872;NATHALY GONZALEZ CORTES;COLOMBIA;4;3434757452;4445458;3113586655
329;1214731873;ANDRES RENDON MONCADA;CAUCASIA;4;32347247;3611869;3113586655
330;1214731874;ERIKA URIBE GARCIA;COLOMBIA;4;347523523;3207740;3113586655
331;1214731875;NATHALIA ANDREA RESTREPO ALVAREZ;CAUCASIA;4;34734753;2817888;3113586655
332;1214731876;ESTEBAN MARTINEZ HENAO;PRIMERO DE MAYO;4;3473534734;3435194;3113586655
333;1214731877;PEPE ANRCINIEGAS DE LA ROSA;LA SOLEDAD;1;43225423;343434345;3113586655
334;1214731878;MONICA ALEJANDRA LOPEZ LOPEZ;PRIMERO DE MAYO;4;3473473421;4140008;3113586655
335;1214731879;DANNY CANO ARTEAGA;SAN CRISTOBAL;4;347523541;4270145;3113586655
336;1214731880;ERWIN GUILLERMO CORTES SALTARIN;TUNJA;1;347354235;3209039757;3113586655
337;1214731881;FABIO ANDRES VACA CAPOTE;LA UNION;4;272724124;5560619;3113586655
338;1214731882;YONATAN GUISAO MUNERA;LA FLORIDA;4;347343434;4222553;3113586655
339;1214731883;JUAN FELIPE ACEVEDO VELEZ;SAN CRISTOBAL;4;34343434;4265185;3113586655
340;1214731884;DIEGO ANDRES OSPINA MUNOZ;SAN CRISTOBAL;4;343434324;4441991;3113586655
341;1214731885;KAREN ALEJANDRA LOPEZ VARGAS;PRIMERO DE MAYO;4;34345243;4448706;3113586655
342;1214731886;SANTIAGO MUNOZ CANO;SAN CRISTOBAL;4;34343424;2817510;3113586655
343;1214731887;FAVER JOAN PULGARIN CORREA;SAN CRISTOBAL;4;343434524;4275215;3113586655
344;1214731888;JOHAN DAVID CARDENAS CORREA;SAN CRISTOBAL;4;3206839497;4270145;3113586655
345;1214731889;DAVID ACOSTA GONZALEZ;LA 80;4;3434354324;4031100;3113586655
346;1214731890;FABIAN ARTEAGA RUIZ;SAN CRISTOBAL;4;343452434;4276009;3113586655
347;1214731891;DAINER ALEXANDER GUISAO ALCARAZ;PRIMERO DE MAYO;4;343543454;2303946;3113586655
348;1214731892;JOHN EDISON CELIS CORREA;PRIMERO DE MAYO;4;3434352434;4275215;3113586655
349;1214731893;DEYSY MARCELA VASQUEZ CANO;SAN CRISTOBAL;4;3434543434;4445648;3113586655
350;1214731894;CAROLINA GARCIA LONDONO;POBLADO;4;3434543452;3706666;3113586655
351;1214731895;DANIELA ECHEVERRY OJEDA;MORAVIA;4;27373737;34343434;3113586655
352;1214731896;CAMILO ARISTIZABAL RODRIGUEZ;COLOMBIA;4;242345342;5217783;3113586655
353;1214731897;NATHALY GONZALEZ CORTES;COLOMBIA;4;3434757452;4445458;3113586655
354;1214731898;ANDRES RENDON MONCADA;CAUCASIA;4;32347247;3611869;3113586655
355;1214731899;ERIKA URIBE GARCIA;COLOMBIA;4;347523523;3207740;3113586655
356;1214731900;NATHALIA ANDREA RESTREPO ALVAREZ;CAUCASIA;4;34734753;2817888;3113586655
357;1214731901;ESTEBAN MARTINEZ HENAO;PRIMERO DE MAYO;4;3473534734;3435194;3113586655
358;1214731902;PEPE ANRCINIEGAS DE LA ROSA;LA SOLEDAD;1;43225423;343434345;3113586655
359;1214731903;MONICA ALEJANDRA LOPEZ LOPEZ;PRIMERO DE MAYO;4;3473473421;4140008;3113586655
360;1214731904;DANNY CANO ARTEAGA;SAN CRISTOBAL;4;347523541;4270145;3113586655
361;1214731905;ERWIN GUILLERMO CORTES SALTARIN;TUNJA;1;347354235;3209039757;3113586655
362;1214731906;FABIO ANDRES VACA CAPOTE;LA UNION;4;272724124;5560619;3113586655
363;1214731907;YONATAN GUISAO MUNERA;LA FLORIDA;4;347343434;4222553;3113586655
364;1214731908;JUAN FELIPE ACEVEDO VELEZ;SAN CRISTOBAL;4;34343434;4265185;3113586655
365;1214731909;DIEGO ANDRES OSPINA MUNOZ;SAN CRISTOBAL;4;343434324;4441991;3113586655
366;1214731910;KAREN ALEJANDRA LOPEZ VARGAS;PRIMERO DE MAYO;4;34345243;4448706;3113586655
367;1214731911;SANTIAGO MUNOZ CANO;SAN CRISTOBAL;4;34343424;2817510;3113586655
368;1214731912;FAVER JOAN PULGARIN CORREA;SAN CRISTOBAL;4;343434524;4275215;3113586655
369;1214731913;JOHAN DAVID CARDENAS CORREA;SAN CRISTOBAL;4;3206839497;4270145;3113586655
370;1214731914;DAVID ACOSTA GONZALEZ;LA 80;4;3434354324;4031100;3113586655
371;1214731915;FABIAN ARTEAGA RUIZ;SAN CRISTOBAL;4;343452434;4276009;3113586655
372;1214731916;DAINER ALEXANDER GUISAO ALCARAZ;PRIMERO DE MAYO;4;343543454;2303946;3113586655
373;1214731917;JOHN EDISON CELIS CORREA;PRIMERO DE MAYO;4;3434352434;4275215;3113586655
374;1214731918;DEYSY MARCELA VASQUEZ CANO;SAN CRISTOBAL;4;3434543434;4445648;3113586655
375;1214731919;CAROLINA GARCIA LONDONO;POBLADO;4;3434543452;3706666;3113586655
376;1214731920;DANIELA ECHEVERRY OJEDA;MORAVIA;4;27373737;34343434;3113586655
377;1214731921;CAMILO ARISTIZABAL RODRIGUEZ;COLOMBIA;4;242345342;5217783;3113586655
378;1214731922;NATHALY GONZALEZ CORTES;COLOMBIA;4;3434757452;4445458;3113586655
379;1214731923;ANDRES RENDON MONCADA;CAUCASIA;4;32347247;3611869;3113586655
380;1214731924;ERIKA URIBE GARCIA;COLOMBIA;4;347523523;3207740;3113586655
381;1214731925;NATHALIA ANDREA RESTREPO ALVAREZ;CAUCASIA;4;34734753;2817888;3113586655
382;1214731926;ESTEBAN MARTINEZ HENAO;PRIMERO DE MAYO;4;3473534734;3435194;3113586655
383;1214731927;PEPE ANRCINIEGAS DE LA ROSA;LA SOLEDAD;1;43225423;343434345;3113586655
384;1214731928;MONICA ALEJANDRA LOPEZ LOPEZ;PRIMERO DE MAYO;4;3473473421;4140008;3113586655
385;1214731929;DANNY CANO ARTEAGA;SAN CRISTOBAL;4;347523541;4270145;3113586655
386;1214731930;ERWIN GUILLERMO CORTES SALTARIN;TUNJA;1;347354235;3209039757;3113586655
387;1214731931;FABIO ANDRES VACA CAPOTE;LA UNION;4;272724124;5560619;3113586655
388;1214731932;YONATAN GUISAO MUNERA;LA FLORIDA;4;347343434;4222553;3113586655
389;1214731933;JUAN FELIPE ACEVEDO VELEZ;SAN CRISTOBAL;4;34343434;4265185;3113586655
390;1214731934;DIEGO ANDRES OSPINA MUNOZ;SAN CRISTOBAL;4;343434324;4441991;3113586655
391;1214731935;KAREN ALEJANDRA LOPEZ VARGAS;PRIMERO DE MAYO;4;34345243;4448706;3113586655
392;1214731936;SANTIAGO MUNOZ CANO;SAN CRISTOBAL;4;34343424;2817510;3113586655
393;1214731937;FAVER JOAN PULGARIN CORREA;SAN CRISTOBAL;4;343434524;4275215;3113586655
394;1214731938;JOHAN DAVID CARDENAS CORREA;SAN CRISTOBAL;4;3206839497;4270145;3113586655
395;1214731939;DAVID ACOSTA GONZALEZ;LA 80;4;3434354324;4031100;3113586655
396;1214731940;FABIAN ARTEAGA RUIZ;SAN CRISTOBAL;4;343452434;4276009;3113586655
397;1214731941;DAINER ALEXANDER GUISAO ALCARAZ;PRIMERO DE MAYO;4;343543454;2303946;3113586655
398;1214731942;JOHN EDISON CELIS CORREA;PRIMERO DE MAYO;4;3434352434;4275215;3113586655
399;1214731943;DEYSY MARCELA VASQUEZ CANO;SAN CRISTOBAL;4;3434543434;4445648;3113586655
400;1214731944;CAROLINA GARCIA LONDONO;POBLADO;4;3434543452;3706666;3113586655
401;1214731945;DANIELA ECHEVERRY OJEDA;MORAVIA;4;27373737;34343434;3113586655
402;1214731946;CAMILO ARISTIZABAL RODRIGUEZ;COLOMBIA;4;242345342;5217783;3113586655
403;1214731947;NATHALY GONZALEZ CORTES;COLOMBIA;4;3434757452;4445458;3113586655
404;1214731948;ANDRES RENDON MONCADA;CAUCASIA;4;32347247;3611869;3113586655
405;1214731949;ERIKA URIBE GARCIA;COLOMBIA;4;347523523;3207740;3113586655
406;1214731950;NATHALIA ANDREA RESTREPO ALVAREZ;CAUCASIA;4;34734753;2817888;3113586655
407;1214731951;ESTEBAN MARTINEZ HENAO;PRIMERO DE MAYO;4;3473534734;3435194;3113586655
408;1214731952;PEPE ANRCINIEGAS DE LA ROSA;LA SOLEDAD;1;43225423;343434345;3113586655
409;1214731953;MONICA ALEJANDRA LOPEZ LOPEZ;PRIMERO DE MAYO;4;3473473421;4140008;3113586655
410;1214731954;DANNY CANO ARTEAGA;SAN CRISTOBAL;4;347523541;4270145;3113586655
411;1214731955;ERWIN GUILLERMO CORTES SALTARIN;TUNJA;1;347354235;3209039757;3113586655
412;1214731956;FABIO ANDRES VACA CAPOTE;LA UNION;4;272724124;5560619;3113586655
413;1214731957;YONATAN GUISAO MUNERA;LA FLORIDA;4;347343434;4222553;3113586655
414;1214731958;JUAN FELIPE ACEVEDO VELEZ;SAN CRISTOBAL;4;34343434;4265185;3113586655
415;1214731959;DIEGO ANDRES OSPINA MUNOZ;SAN CRISTOBAL;4;343434324;4441991;3113586655
416;1214731960;KAREN ALEJANDRA LOPEZ VARGAS;PRIMERO DE MAYO;4;34345243;4448706;3113586655
417;1214731961;SANTIAGO MUNOZ CANO;SAN CRISTOBAL;4;34343424;2817510;3113586655
418;1214731962;FAVER JOAN PULGARIN CORREA;SAN CRISTOBAL;4;343434524;4275215;3113586655
419;1214731963;JOHAN DAVID CARDENAS CORREA;SAN CRISTOBAL;4;3206839497;4270145;3113586655
420;1214731964;DAVID ACOSTA GONZALEZ;LA 80;4;3434354324;4031100;3113586655
421;1214731965;FABIAN ARTEAGA RUIZ;SAN CRISTOBAL;4;343452434;4276009;3113586655
422;1214731966;DAINER ALEXANDER GUISAO ALCARAZ;PRIMERO DE MAYO;4;343543454;2303946;3113586655
423;1214731967;JOHN EDISON CELIS CORREA;PRIMERO DE MAYO;4;3434352434;4275215;3113586655
424;1214731968;DEYSY MARCELA VASQUEZ CANO;SAN CRISTOBAL;4;3434543434;4445648;3113586655
425;1214731969;CAROLINA GARCIA LONDONO;POBLADO;4;3434543452;3706666;3113586655
426;1214731970;DANIELA ECHEVERRY OJEDA;MORAVIA;4;27373737;34343434;3113586655
427;1214731971;CAMILO ARISTIZABAL RODRIGUEZ;COLOMBIA;4;242345342;5217783;3113586655
428;1214731972;NATHALY GONZALEZ CORTES;COLOMBIA;4;3434757452;4445458;3113586655
429;1214731973;ANDRES RENDON MONCADA;CAUCASIA;4;32347247;3611869;3113586655
430;1214731974;ERIKA URIBE GARCIA;COLOMBIA;4;347523523;3207740;3113586655
431;1214731975;NATHALIA ANDREA RESTREPO ALVAREZ;CAUCASIA;4;34734753;2817888;3113586655
432;1214731976;ESTEBAN MARTINEZ HENAO;PRIMERO DE MAYO;4;3473534734;3435194;3113586655
433;1214731977;PEPE ANRCINIEGAS DE LA ROSA;LA SOLEDAD;1;43225423;343434345;3113586655
434;1214731978;MONICA ALEJANDRA LOPEZ LOPEZ;PRIMERO DE MAYO;4;3473473421;4140008;3113586655
435;1214731979;DANNY CANO ARTEAGA;SAN CRISTOBAL;4;347523541;4270145;3113586655
436;1214731980;ERWIN GUILLERMO CORTES SALTARIN;TUNJA;1;347354235;3209039757;3113586655
437;1214731981;FABIO ANDRES VACA CAPOTE;LA UNION;4;272724124;5560619;3113586655
438;1214731982;YONATAN GUISAO MUNERA;LA FLORIDA;4;347343434;4222553;3113586655
439;1214731983;JUAN FELIPE ACEVEDO VELEZ;SAN CRISTOBAL;4;34343434;4265185;3113586655
440;1214731984;DIEGO ANDRES OSPINA MUNOZ;SAN CRISTOBAL;4;343434324;4441991;3113586655
441;1214731985;KAREN ALEJANDRA LOPEZ VARGAS;PRIMERO DE MAYO;4;34345243;4448706;3113586655
442;1214731986;SANTIAGO MUNOZ CANO;SAN CRISTOBAL;4;34343424;2817510;3113586655
443;1214731987;FAVER JOAN PULGARIN CORREA;SAN CRISTOBAL;4;343434524;4275215;3113586655
444;1214731988;JOHAN DAVID CARDENAS CORREA;SAN CRISTOBAL;4;3206839497;4270145;3113586655
445;1214731989;DAVID ACOSTA GONZALEZ;LA 80;4;3434354324;4031100;3113586655
446;1214731990;FABIAN ARTEAGA RUIZ;SAN CRISTOBAL;4;343452434;4276009;3113586655
447;1214731991;DAINER ALEXANDER GUISAO ALCARAZ;PRIMERO DE MAYO;4;343543454;2303946;3113586655
448;1214731992;JOHN EDISON CELIS CORREA;PRIMERO DE MAYO;4;3434352434;4275215;3113586655
449;1214731993;DEYSY MARCELA VASQUEZ CANO;SAN CRISTOBAL;4;3434543434;4445648;3113586655
450;1214731994;CAROLINA GARCIA LONDONO;POBLADO;4;3434543452;3706666;3113586655
451;1214731995;DANIELA ECHEVERRY OJEDA;MORAVIA;4;27373737;34343434;3113586655
452;1214731996;CAMILO ARISTIZABAL RODRIGUEZ;COLOMBIA;4;242345342;5217783;3113586655
453;1214731997;NATHALY GONZALEZ CORTES;COLOMBIA;4;3434757452;4445458;3113586655
454;1214731998;ANDRES RENDON MONCADA;CAUCASIA;4;32347247;3611869;3113586655
455;1214731999;ERIKA URIBE GARCIA;COLOMBIA;4;347523523;3207740;3113586655
456;1214732000;NATHALIA ANDREA RESTREPO ALVAREZ;CAUCASIA;4;34734753;2817888;3113586655
457;1214732001;ESTEBAN MARTINEZ HENAO;PRIMERO DE MAYO;4;3473534734;3435194;3113586655
458;1214732002;PEPE ANRCINIEGAS DE LA ROSA;LA SOLEDAD;1;43225423;343434345;3113586655
459;1214732003;MONICA ALEJANDRA LOPEZ LOPEZ;PRIMERO DE MAYO;4;3473473421;4140008;3113586655
460;1214732004;DANNY CANO ARTEAGA;SAN CRISTOBAL;4;347523541;4270145;3113586655
461;1214732005;ERWIN GUILLERMO CORTES SALTARIN;TUNJA;1;347354235;3209039757;3113586655
462;1214732006;FABIO ANDRES VACA CAPOTE;LA UNION;4;272724124;5560619;3113586655
463;1214732007;YONATAN GUISAO MUNERA;LA FLORIDA;4;347343434;4222553;3113586655
464;1214732008;JUAN FELIPE ACEVEDO VELEZ;SAN CRISTOBAL;4;34343434;4265185;3113586655
465;1214732009;DIEGO ANDRES OSPINA MUNOZ;SAN CRISTOBAL;4;343434324;4441991;3113586655
466;1214732010;KAREN ALEJANDRA LOPEZ VARGAS;PRIMERO DE MAYO;4;34345243;4448706;3113586655
467;1214732011;SANTIAGO MUNOZ CANO;SAN CRISTOBAL;4;34343424;2817510;3113586655
468;1214732012;FAVER JOAN PULGARIN CORREA;SAN CRISTOBAL;4;343434524;4275215;3113586655
469;1214732013;JOHAN DAVID CARDENAS CORREA;SAN CRISTOBAL;4;3206839497;4270145;3113586655
470;1214732014;DAVID ACOSTA GONZALEZ;LA 80;4;3434354324;4031100;3113586655
471;1214732015;FABIAN ARTEAGA RUIZ;SAN CRISTOBAL;4;343452434;4276009;3113586655
472;1214732016;DAINER ALEXANDER GUISAO ALCARAZ;PRIMERO DE MAYO;4;343543454;2303946;3113586655
473;1214732017;JOHN EDISON CELIS CORREA;PRIMERO DE MAYO;4;3434352434;4275215;3113586655
474;1214732018;DEYSY MARCELA VASQUEZ CANO;SAN CRISTOBAL;4;3434543434;4445648;3113586655
475;1214732019;CAROLINA GARCIA LONDONO;POBLADO;4;3434543452;3706666;3113586655
476;1214732020;DANIELA ECHEVERRY OJEDA;MORAVIA;4;27373737;34343434;3113586655
477;1214732021;CAMILO ARISTIZABAL RODRIGUEZ;COLOMBIA;4;242345342;5217783;3113586655
478;1214732022;NATHALY GONZALEZ CORTES;COLOMBIA;4;3434757452;4445458;3113586655
479;1214732023;ANDRES RENDON MONCADA;CAUCASIA;4;32347247;3611869;3113586655
480;1214732024;ERIKA URIBE GARCIA;COLOMBIA;4;347523523;3207740;3113586655
481;1214732025;NATHALIA ANDREA RESTREPO ALVAREZ;CAUCASIA;4;34734753;2817888;3113586655
482;1214732026;ESTEBAN MARTINEZ HENAO;PRIMERO DE MAYO;4;3473534734;3435194;3113586655
483;1214732027;PEPE ANRCINIEGAS DE LA ROSA;LA SOLEDAD;1;43225423;343434345;3113586655
484;1214732028;MONICA ALEJANDRA LOPEZ LOPEZ;PRIMERO DE MAYO;4;3473473421;4140008;3113586655
485;1214732029;DANNY CANO ARTEAGA;SAN CRISTOBAL;4;347523541;4270145;3113586655
486;1214732030;ERWIN GUILLERMO CORTES SALTARIN;TUNJA;1;347354235;3209039757;3113586655
487;1214732031;FABIO ANDRES VACA CAPOTE;LA UNION;4;272724124;5560619;3113586655
488;1214732032;YONATAN GUISAO MUNERA;LA FLORIDA;4;347343434;4222553;3113586655
489;1214732033;JUAN FELIPE ACEVEDO VELEZ;SAN CRISTOBAL;4;34343434;4265185;3113586655
490;1214732034;DIEGO ANDRES OSPINA MUNOZ;SAN CRISTOBAL;4;343434324;4441991;3113586655
491;1214732035;KAREN ALEJANDRA LOPEZ VARGAS;PRIMERO DE MAYO;4;34345243;4448706;3113586655
492;1214732036;SANTIAGO MUNOZ CANO;SAN CRISTOBAL;4;34343424;2817510;3113586655
493;1214732037;FAVER JOAN PULGARIN CORREA;SAN CRISTOBAL;4;343434524;4275215;3113586655
494;1214732038;JOHAN DAVID CARDENAS CORREA;SAN CRISTOBAL;4;3206839497;4270145;3113586655
495;1214732039;DAVID ACOSTA GONZALEZ;LA 80;4;3434354324;4031100;3113586655
496;1214732040;FABIAN ARTEAGA RUIZ;SAN CRISTOBAL;4;343452434;4276009;3113586655
497;1214732041;DAINER ALEXANDER GUISAO ALCARAZ;PRIMERO DE MAYO;4;343543454;2303946;3113586655
498;1214732042;JOHN EDISON CELIS CORREA;PRIMERO DE MAYO;4;3434352434;4275215;3113586655
499;1214732043;DEYSY MARCELA VASQUEZ CANO;SAN CRISTOBAL;4;3434543434;4445648;3113586655
500;1214732044;CAROLINA GARCIA LONDONO;POBLADO;4;3434543452;3706666;3113586655
